
{
  "header": {
    "reportVersion": 1,
    "event": "Allocation failed - JavaScript heap out of memory",
    "trigger": "FatalError",
    "filename": "report.20200516.143804.13116.0.001.json",
    "dumpEventTime": "2020-05-16T14:38:04Z",
    "dumpEventTimeStamp": "1589620084112",
    "processId": 13116,
    "cwd": "E:\\Backup\\15th May 2020\\snapper-api",
    "commandLine": [
      "node",
      "./bin/www"
    ],
    "nodejsVersion": "v12.14.0",
    "wordSize": 64,
    "arch": "x64",
    "platform": "win32",
    "componentVersions": {
      "node": "12.14.0",
      "v8": "7.7.299.13-node.16",
      "uv": "1.33.1",
      "zlib": "1.2.11",
      "brotli": "1.0.7",
      "ares": "1.15.0",
      "modules": "72",
      "nghttp2": "1.39.2",
      "napi": "5",
      "llhttp": "1.1.4",
      "http_parser": "2.8.0",
      "openssl": "1.1.1d",
      "cldr": "35.1",
      "icu": "64.2",
      "tz": "2019c",
      "unicode": "12.1"
    },
    "release": {
      "name": "node",
      "lts": "Erbium",
      "headersUrl": "https://nodejs.org/download/release/v12.14.0/node-v12.14.0-headers.tar.gz",
      "sourceUrl": "https://nodejs.org/download/release/v12.14.0/node-v12.14.0.tar.gz",
      "libUrl": "https://nodejs.org/download/release/v12.14.0/win-x64/node.lib"
    },
    "osName": "Windows_NT",
    "osRelease": "10.0.18362",
    "osVersion": "Windows 10 Pro",
    "osMachine": "x86_64",
    "cpus": [
      {
        "model": "Intel(R) Core(TM) i5-5300U CPU @ 2.30GHz",
        "speed": 2295,
        "user": 125465843,
        "nice": 0,
        "sys": 71683625,
        "idle": 485733343,
        "irq": 12765515
      },
      {
        "model": "Intel(R) Core(TM) i5-5300U CPU @ 2.30GHz",
        "speed": 2295,
        "user": 124871500,
        "nice": 0,
        "sys": 50416281,
        "idle": 507594890,
        "irq": 2958875
      },
      {
        "model": "Intel(R) Core(TM) i5-5300U CPU @ 2.30GHz",
        "speed": 2295,
        "user": 141021718,
        "nice": 0,
        "sys": 53031781,
        "idle": 488829156,
        "irq": 1330484
      },
      {
        "model": "Intel(R) Core(TM) i5-5300U CPU @ 2.30GHz",
        "speed": 2295,
        "user": 142081234,
        "nice": 0,
        "sys": 48040062,
        "idle": 492761375,
        "irq": 1064218
      }
    ],
    "networkInterfaces": [
      {
        "name": "Wi-Fi",
        "internal": false,
        "mac": "5c:e0:c5:4d:48:9c",
        "address": "fe80::41b0:4820:78cc:a15f",
        "netmask": "ffff:ffff:ffff:ffff::",
        "family": "IPv6",
        "scopeid": 18
      },
      {
        "name": "Wi-Fi",
        "internal": false,
        "mac": "5c:e0:c5:4d:48:9c",
        "address": "192.168.43.10",
        "netmask": "255.255.255.0",
        "family": "IPv4"
      },
      {
        "name": "Loopback Pseudo-Interface 1",
        "internal": true,
        "mac": "00:00:00:00:00:00",
        "address": "::1",
        "netmask": "ffff:ffff:ffff:ffff:ffff:ffff:ffff:ffff",
        "family": "IPv6",
        "scopeid": 0
      },
      {
        "name": "Loopback Pseudo-Interface 1",
        "internal": true,
        "mac": "00:00:00:00:00:00",
        "address": "127.0.0.1",
        "netmask": "255.0.0.0",
        "family": "IPv4"
      }
    ],
    "host": "SYSTEM"
  },
  "javascriptStack": {
    "message": "No stack.",
    "stack": [
      "Unavailable."
    ]
  },
  "nativeStack": [
    {
      "pc": "0x00007ff74fc51729",
      "symbol": "std::basic_ostream<char,std::char_traits<char> >::operator<<+10873"
    },
    {
      "pc": "0x00007ff74fc55b4c",
      "symbol": "std::basic_ostream<char,std::char_traits<char> >::operator<<+28316"
    },
    {
      "pc": "0x00007ff74fc54b08",
      "symbol": "std::basic_ostream<char,std::char_traits<char> >::operator<<+24152"
    },
    {
      "pc": "0x00007ff74fd4369b",
      "symbol": "v8::base::CPU::has_sse+37723"
    },
    {
      "pc": "0x00007ff7505482de",
      "symbol": "v8::Isolate::ReportExternalAllocationLimitReached+94"
    },
    {
      "pc": "0x00007ff750530321",
      "symbol": "v8::SharedArrayBuffer::Externalize+833"
    },
    {
      "pc": "0x00007ff7503fdbec",
      "symbol": "v8::internal::Heap::EphemeronKeyWriteBarrierFromCode+1436"
    },
    {
      "pc": "0x00007ff750408f90",
      "symbol": "v8::internal::Heap::ProtectUnprotectedMemoryChunks+1312"
    },
    {
      "pc": "0x00007ff750405ac4",
      "symbol": "v8::internal::Heap::PageFlagsAreConsistent+3204"
    },
    {
      "pc": "0x00007ff7503fb353",
      "symbol": "v8::internal::Heap::CollectGarbage+1283"
    },
    {
      "pc": "0x00007ff7503f9b24",
      "symbol": "v8::internal::Heap::AddRetainedMap+2356"
    },
    {
      "pc": "0x00007ff75041adf5",
      "symbol": "v8::internal::Factory::NewFillerObject+53"
    },
    {
      "pc": "0x00007ff750186e19",
      "symbol": "v8::internal::interpreter::JumpTableTargetOffsets::iterator::operator=+4057"
    },
    {
      "pc": "0x00007ff75097404d",
      "symbol": "v8::internal::SetupIsolateDelegate::SetupHeap+567949"
    },
    {
      "pc": "0x0000006035ce428b",
      "symbol": ""
    }
  ],
  "javascriptHeap": {
    "totalMemory": 2177265664,
    "totalCommittedMemory": 2177265664,
    "usedMemory": 1957890544,
    "availableMemory": 85388096,
    "memoryLimit": 2197815296,
    "heapSpaces": {
      "read_only_space": {
        "memorySize": 262144,
        "committedMemory": 262144,
        "capacity": 261872,
        "used": 32296,
        "available": 229576
      },
      "new_space": {
        "memorySize": 33554432,
        "committedMemory": 33554432,
        "capacity": 16759808,
        "used": 2303464,
        "available": 14456344
      },
      "old_space": {
        "memorySize": 2123739136,
        "committedMemory": 2123739136,
        "capacity": 1970022416,
        "used": 1936629680,
        "available": 33392736
      },
      "code_space": {
        "memorySize": 1212416,
        "committedMemory": 1212416,
        "capacity": 1118112,
        "used": 1118112,
        "available": 0
      },
      "map_space": {
        "memorySize": 2101248,
        "committedMemory": 2101248,
        "capacity": 1555600,
        "used": 1555600,
        "available": 0
      },
      "large_object_space": {
        "memorySize": 16347136,
        "committedMemory": 16347136,
        "capacity": 16247840,
        "used": 16247840,
        "available": 0
      },
      "code_large_object_space": {
        "memorySize": 49152,
        "committedMemory": 49152,
        "capacity": 3552,
        "used": 3552,
        "available": 0
      },
      "new_large_object_space": {
        "memorySize": 0,
        "committedMemory": 0,
        "capacity": 16759808,
        "used": 0,
        "available": 16759808
      }
    }
  },
  "resourceUsage": {
    "userCpuSeconds": 134.39,
    "kernelCpuSeconds": 45.5,
    "cpuConsumptionPercent": 69.9961,
    "maxRss": 1879859200,
    "pageFaults": {
      "IORequired": 1021646,
      "IONotRequired": 0
    },
    "fsActivity": {
      "reads": 12003,
      "writes": 554
    }
  },
  "libuv": [
  ],
  "environmentVariables": {
    "=C:": "C:\\",
    "=E:": "E:\\Backup\\15th May 2020\\snapper-api",
    "ALLUSERSPROFILE": "C:\\ProgramData",
    "APPDATA": "C:\\Users\\Dell\\AppData\\Roaming",
    "CommonProgramFiles": "C:\\Program Files\\Common Files",
    "CommonProgramFiles(x86)": "C:\\Program Files (x86)\\Common Files",
    "CommonProgramW6432": "C:\\Program Files\\Common Files",
    "COMPUTERNAME": "SYSTEM",
    "ComSpec": "C:\\Windows\\system32\\cmd.exe",
    "dp0": "C:\\Users\\Dell\\AppData\\Roaming\\npm\\",
    "DriverData": "C:\\Windows\\System32\\Drivers\\DriverData",
    "FPS_BROWSER_APP_PROFILE_STRING": "Internet Explorer",
    "FPS_BROWSER_USER_PROFILE_STRING": "Default",
    "HOMEDRIVE": "C:",
    "HOMEPATH": "\\Users\\Dell",
    "LOCALAPPDATA": "C:\\Users\\Dell\\AppData\\Local",
    "LOGONSERVER": "\\\\SYSTEM",
    "NUMBER_OF_PROCESSORS": "4",
    "OneDrive": "C:\\Users\\Dell\\OneDrive",
    "OS": "Windows_NT",
    "Path": "C:\\Program Files (x86)\\Intel\\iCLS Client\\;C:\\Program Files\\Intel\\iCLS Client\\;C:\\Windows\\system32;C:\\Windows;C:\\Windows\\System32\\Wbem;C:\\Windows\\System32\\WindowsPowerShell\\v1.0\\;C:\\Windows\\System32\\OpenSSH\\;C:\\Program Files (x86)\\Intel\\Intel(R) Management Engine Components\\DAL;C:\\Program Files\\Intel\\Intel(R) Management Engine Components\\DAL;C:\\Program Files (x86)\\Intel\\Intel(R) Management Engine Components\\IPT;C:\\Program Files\\Intel\\Intel(R) Management Engine Components\\IPT;C:\\Program Files\\Intel\\WiFi\\bin\\;C:\\Program Files\\Common Files\\Intel\\WirelessCommon\\;C:\\Program Files\\nodejs\\;C:\\Program Files\\Git\\cmd;C:\\Program Files\\PuTTY\\;C:\\Users\\Dell\\AppData\\Roaming\\npm;C:\\Users\\Dell\\AppData\\Local\\Microsoft\\WindowsApps;C:\\Program Files\\Intel\\WiFi\\bin\\;C:\\Program Files\\Common Files\\Intel\\WirelessCommon\\;\"C:\\Users\\Dell\\AppData\\Roaming\\npm;C:\\Program Files\\nodejs\";\"C:\\Program Files\\Git\\bin\\;C:\\Program Files\\Git\\cmd\\\";C:\\Users\\Dell\\AppData\\Local\\Programs\\Microsoft VS Code\\bin;C:\\Users\\Dell\\AppData\\Local\\GitHubDesktop\\bin",
    "PATH": "E:\\Backup\\15th May 2020\\snapper-api/node_modules/.bin:C:\\Program Files (x86)\\Intel\\iCLS Client\\;C:\\Program Files\\Intel\\iCLS Client\\;C:\\Windows\\system32;C:\\Windows;C:\\Windows\\System32\\Wbem;C:\\Windows\\System32\\WindowsPowerShell\\v1.0\\;C:\\Windows\\System32\\OpenSSH\\;C:\\Program Files (x86)\\Intel\\Intel(R) Management Engine Components\\DAL;C:\\Program Files\\Intel\\Intel(R) Management Engine Components\\DAL;C:\\Program Files (x86)\\Intel\\Intel(R) Management Engine Components\\IPT;C:\\Program Files\\Intel\\Intel(R) Management Engine Components\\IPT;C:\\Program Files\\Intel\\WiFi\\bin\\;C:\\Program Files\\Common Files\\Intel\\WirelessCommon\\;C:\\Program Files\\nodejs\\;C:\\Program Files\\Git\\cmd;C:\\Program Files\\PuTTY\\;C:\\Users\\Dell\\AppData\\Roaming\\npm;C:\\Users\\Dell\\AppData\\Local\\Microsoft\\WindowsApps;C:\\Program Files\\Intel\\WiFi\\bin\\;C:\\Program Files\\Common Files\\Intel\\WirelessCommon\\;\"C:\\Users\\Dell\\AppData\\Roaming\\npm;C:\\Program Files\\nodejs\";\"C:\\Program Files\\Git\\bin\\;C:\\Program Files\\Git\\cmd\\\";C:\\Users\\Dell\\AppData\\Local\\Programs\\Microsoft VS Code\\bin;C:\\Users\\Dell\\AppData\\Local\\GitHubDesktop\\bin",
    "PATHEXT": ".COM;.EXE;.BAT;.CMD;.VBS;.VBE;.JSE;.WSF;.WSH;.MSC",
    "PROCESSOR_ARCHITECTURE": "AMD64",
    "PROCESSOR_IDENTIFIER": "Intel64 Family 6 Model 61 Stepping 4, GenuineIntel",
    "PROCESSOR_LEVEL": "6",
    "PROCESSOR_REVISION": "3d04",
    "ProgramData": "C:\\ProgramData",
    "ProgramFiles": "C:\\Program Files",
    "ProgramFiles(x86)": "C:\\Program Files (x86)",
    "ProgramW6432": "C:\\Program Files",
    "PROMPT": "$P$G",
    "PSModulePath": "C:\\Program Files\\WindowsPowerShell\\Modules;C:\\Windows\\system32\\WindowsPowerShell\\v1.0\\Modules",
    "PUBLIC": "C:\\Users\\Public",
    "SESSIONNAME": "Console",
    "SystemDrive": "C:",
    "SystemRoot": "C:\\Windows",
    "TEMP": "C:\\Users\\Dell\\AppData\\Local\\Temp",
    "TMP": "C:\\Users\\Dell\\AppData\\Local\\Temp",
    "USERDOMAIN": "SYSTEM",
    "USERDOMAIN_ROAMINGPROFILE": "SYSTEM",
    "USERNAME": "Dell",
    "USERPROFILE": "C:\\Users\\Dell",
    "windir": "C:\\Windows",
    "_prog": "node"
  },
  "sharedObjects": [
    "C:\\Program Files\\nodejs\\node.exe",
    "C:\\Windows\\SYSTEM32\\ntdll.dll",
    "C:\\Windows\\System32\\KERNEL32.DLL",
    "C:\\Windows\\System32\\KERNELBASE.dll",
    "C:\\Windows\\System32\\WS2_32.dll",
    "C:\\Windows\\SYSTEM32\\dbghelp.dll",
    "C:\\Windows\\System32\\RPCRT4.dll",
    "C:\\Windows\\System32\\ucrtbase.dll",
    "C:\\Windows\\System32\\ADVAPI32.dll",
    "C:\\Windows\\System32\\msvcrt.dll",
    "C:\\Windows\\System32\\sechost.dll",
    "C:\\Windows\\System32\\USER32.dll",
    "C:\\Windows\\System32\\win32u.dll",
    "C:\\Windows\\System32\\GDI32.dll",
    "C:\\Windows\\System32\\gdi32full.dll",
    "C:\\Windows\\System32\\msvcp_win.dll",
    "C:\\Windows\\System32\\PSAPI.DLL",
    "C:\\Windows\\System32\\CRYPT32.dll",
    "C:\\Windows\\System32\\MSASN1.dll",
    "C:\\Windows\\System32\\bcrypt.dll",
    "C:\\Windows\\SYSTEM32\\IPHLPAPI.DLL",
    "C:\\Windows\\SYSTEM32\\USERENV.dll",
    "C:\\Windows\\System32\\profapi.dll",
    "C:\\Windows\\SYSTEM32\\WINMM.dll",
    "C:\\Windows\\SYSTEM32\\WINMMBASE.dll",
    "C:\\Windows\\System32\\cfgmgr32.dll",
    "C:\\Windows\\System32\\bcryptPrimitives.dll",
    "C:\\Windows\\System32\\IMM32.DLL",
    "C:\\Windows\\System32\\powrprof.dll",
    "C:\\Windows\\System32\\UMPDC.dll",
    "C:\\Windows\\SYSTEM32\\CRYPTBASE.DLL",
    "C:\\Windows\\system32\\uxtheme.dll",
    "C:\\Windows\\System32\\combase.dll",
    "C:\\Windows\\system32\\mswsock.dll",
    "C:\\Windows\\System32\\kernel.appcore.dll",
    "C:\\Windows\\System32\\NSI.dll",
    "C:\\Windows\\SYSTEM32\\dhcpcsvc6.DLL",
    "C:\\Windows\\SYSTEM32\\dhcpcsvc.DLL",
    "C:\\Windows\\SYSTEM32\\DNSAPI.dll",
    "C:\\Windows\\system32\\napinsp.dll",
    "C:\\Windows\\system32\\pnrpnsp.dll",
    "C:\\Windows\\System32\\winrnr.dll",
    "C:\\Windows\\system32\\NLAapi.dll",
    "C:\\Windows\\system32\\wshbth.dll",
    "\\\\?\\E:\\Backup\\15th May 2020\\snapper-api\\node_modules\\bcrypt\\lib\\binding\\bcrypt_lib.node",
    "C:\\Windows\\System32\\fwpuclnt.dll",
    "C:\\Windows\\System32\\rasadhlp.dll"
  ]
}